"","sample_name","sample_title","bioproject_accession","organism","collection_date","depth","elev","env_broad_scale","env_local_scale","env_medium","geo_loc_name","lat_long","agrochem_addition","Replicate"
"1","SRD-A1-LFH-2","","","soil metagenome",2017,"0 cm",214,"soil[ENVO:00001998]","forest soil[ENVO:00002261]","organic horizon[ENVO:03600018]","Canada: Ontario","48.367 N 89.397 W","1 t/ha Fly wood ash","replicate  2"
"2","PLD-A-LFH-2","","","soil metagenome",2017,"2 cm",332,"soil[ENVO:00001998]","forest soil[ENVO:00002261]","organic horizon[ENVO:03600018]","Canada: Manitoba","49.517 N 96.133 W","1.5 t/ha Mixed wood ash","replicate  2"
"5","PLD-C-LFH-2","","","soil metagenome",2017,"2 cm",332,"soil[ENVO:00001998]","forest soil[ENVO:00002261]","organic horizon[ENVO:03600018]","Canada: Manitoba","49.517 N 96.133 W","","replicate  2"
"6","PLD-C-LFH-3","","","soil metagenome",2017,"2 cm",332,"soil[ENVO:00001998]","forest soil[ENVO:00002261]","organic horizon[ENVO:03600018]","Canada: Manitoba","49.517 N 96.133 W","","replicate  3"
"7","PLD-C-LFH-1","","","soil metagenome",2017,"2 cm",332,"soil[ENVO:00001998]","forest soil[ENVO:00002261]","organic horizon[ENVO:03600018]","Canada: Manitoba","49.517 N 96.133 W","","replicate  1"
"9","PLD-A-LFH-1","","","soil metagenome",2017,"2 cm",332,"soil[ENVO:00001998]","forest soil[ENVO:00002261]","organic horizon[ENVO:03600018]","Canada: Manitoba","49.517 N 96.133 W","1.5 t/ha Mixed wood ash","replicate  1"
"11","PLD-A-LFH-3","","","soil metagenome",2017,"2 cm",332,"soil[ENVO:00001998]","forest soil[ENVO:00002261]","organic horizon[ENVO:03600018]","Canada: Manitoba","49.517 N 96.133 W","1.5 t/ha Mixed wood ash","replicate  3"
"15","ILK-A4-MIN-5","","","soil metagenome",2017,"0-10 cm",439,"soil[ENVO:00001998]","forest soil[ENVO:00002261]","mineral horizon[ENVO:03600011]","Canada: Ontario","47.7 N 83.6 W","5.6 t/ha Bottom wood ash","replicate  5"
"16","ILK-A4-FH-5","","","soil metagenome",2017,"~10 cm",439,"soil[ENVO:00001998]","forest soil[ENVO:00002261]","organic horizon[ENVO:03600018]","Canada: Ontario","47.7 N 83.6 W","5.6 t/ha Bottom wood ash","replicate  5"
"18","ILK-A4-LM-5","","","soil metagenome",2017,"~10 cm",439,"soil[ENVO:00001998]","forest soil[ENVO:00002261]","litter layer[ENVO:01000338]","Canada: Ontario","47.7 N 83.6 W","5.6 t/ha Bottom wood ash","replicate  5"
"21","ILK-A3-MIN-5","","","soil metagenome",2017,"0-10 cm",439,"soil[ENVO:00001998]","forest soil[ENVO:00002261]","mineral horizon[ENVO:03600011]","Canada: Ontario","47.7 N 83.6 W","2.8 t/ha Bottom wood ash","replicate  5"
"22","SRD-C-MIN-2","","","soil metagenome",2017,"0-10 cm",214,"soil[ENVO:00001998]","forest soil[ENVO:00002261]","mineral horizon[ENVO:03600011]","Canada: Ontario","48.367 N 89.397 W","","replicate  2"
"24","ILK-A3-FH-5","","","soil metagenome",2017,"~10 cm",439,"soil[ENVO:00001998]","forest soil[ENVO:00002261]","organic horizon[ENVO:03600018]","Canada: Ontario","47.7 N 83.6 W","2.8 t/ha Bottom wood ash","replicate  5"
"26","ILK-A3-LM-5","","","soil metagenome",2017,"~10 cm",439,"soil[ENVO:00001998]","forest soil[ENVO:00002261]","litter layer[ENVO:01000338]","Canada: Ontario","47.7 N 83.6 W","2.8 t/ha Bottom wood ash","replicate  5"
"28","ILK-A2-MIN-5","","","soil metagenome",2017,"0-10 cm",439,"soil[ENVO:00001998]","forest soil[ENVO:00002261]","mineral horizon[ENVO:03600011]","Canada: Ontario","47.7 N 83.6 W","1.4 t/ha Bottom wood ash","replicate  5"
"30","ILK-A2-FH-5","","","soil metagenome",2017,"~10 cm",439,"soil[ENVO:00001998]","forest soil[ENVO:00002261]","organic horizon[ENVO:03600018]","Canada: Ontario","47.7 N 83.6 W","1.4 t/ha Bottom wood ash","replicate  5"
"32","ILK-A2-LM-5","","","soil metagenome",2017,"~10 cm",439,"soil[ENVO:00001998]","forest soil[ENVO:00002261]","litter layer[ENVO:01000338]","Canada: Ontario","47.7 N 83.6 W","1.4 t/ha Bottom wood ash","replicate  5"
"34","ILK-C-MIN-5","","","soil metagenome",2017,"0-10 cm",439,"soil[ENVO:00001998]","forest soil[ENVO:00002261]","mineral horizon[ENVO:03600011]","Canada: Ontario","47.7 N 83.6 W","","replicate  5"
"36","ILK-C-FH-5","","","soil metagenome",2017,"~10 cm",439,"soil[ENVO:00001998]","forest soil[ENVO:00002261]","organic horizon[ENVO:03600018]","Canada: Ontario","47.7 N 83.6 W","","replicate  5"
"37","ILK-C-LM-5","","","soil metagenome",2017,"~10 cm",439,"soil[ENVO:00001998]","forest soil[ENVO:00002261]","litter layer[ENVO:01000338]","Canada: Ontario","47.7 N 83.6 W","","replicate  5"
"41","ILK-A4-MIN-4","","","soil metagenome",2017,"0-10 cm",439,"soil[ENVO:00001998]","forest soil[ENVO:00002261]","mineral horizon[ENVO:03600011]","Canada: Ontario","47.7 N 83.6 W","5.6 t/ha Bottom wood ash","replicate  4"
"42","ILK-A4-FH-4","","","soil metagenome",2017,"~10 cm",439,"soil[ENVO:00001998]","forest soil[ENVO:00002261]","organic horizon[ENVO:03600018]","Canada: Ontario","47.7 N 83.6 W","5.6 t/ha Bottom wood ash","replicate  4"
"44","SRD-C-LFH-2","","","soil metagenome",2017,"0 cm",214,"soil[ENVO:00001998]","forest soil[ENVO:00002261]","organic horizon[ENVO:03600018]","Canada: Ontario","48.367 N 89.397 W","","replicate  2"
"46","ILK-A3-MIN-4","","","soil metagenome",2017,"0-10 cm",439,"soil[ENVO:00001998]","forest soil[ENVO:00002261]","mineral horizon[ENVO:03600011]","Canada: Ontario","47.7 N 83.6 W","2.8 t/ha Bottom wood ash","replicate  4"
"47","ILK-A4-LM-4","","","soil metagenome",2017,"~10 cm",439,"soil[ENVO:00001998]","forest soil[ENVO:00002261]","litter layer[ENVO:01000338]","Canada: Ontario","47.7 N 83.6 W","5.6 t/ha Bottom wood ash","replicate  4"
"50","ILK-A3-LM-4","","","soil metagenome",2017,"~10 cm",439,"soil[ENVO:00001998]","forest soil[ENVO:00002261]","litter layer[ENVO:01000338]","Canada: Ontario","47.7 N 83.6 W","2.8 t/ha Bottom wood ash","replicate  4"
"51","ILK-A3-FH-4","","","soil metagenome",2017,"~10 cm",439,"soil[ENVO:00001998]","forest soil[ENVO:00002261]","organic horizon[ENVO:03600018]","Canada: Ontario","47.7 N 83.6 W","2.8 t/ha Bottom wood ash","replicate  4"
"54","ILK-A2-MIN-4","","","soil metagenome",2017,"0-10 cm",439,"soil[ENVO:00001998]","forest soil[ENVO:00002261]","mineral horizon[ENVO:03600011]","Canada: Ontario","47.7 N 83.6 W","1.4 t/ha Bottom wood ash","replicate  4"
"56","ILK-A2-FH-4","","","soil metagenome",2017,"~10 cm",439,"soil[ENVO:00001998]","forest soil[ENVO:00002261]","organic horizon[ENVO:03600018]","Canada: Ontario","47.7 N 83.6 W","1.4 t/ha Bottom wood ash","replicate  4"
"58","ILK-A2-LM-4","","","soil metagenome",2017,"~10 cm",439,"soil[ENVO:00001998]","forest soil[ENVO:00002261]","litter layer[ENVO:01000338]","Canada: Ontario","47.7 N 83.6 W","1.4 t/ha Bottom wood ash","replicate  4"
"60","ILK-A1-FH-4","","","soil metagenome",2017,"~10 cm",439,"soil[ENVO:00001998]","forest soil[ENVO:00002261]","organic horizon[ENVO:03600018]","Canada: Ontario","47.7 N 83.6 W","0.7 t/ha Bottom wood ash","replicate  4"
"61","ILK-A1-LM-4","","","soil metagenome",2017,"~10 cm",439,"soil[ENVO:00001998]","forest soil[ENVO:00002261]","litter layer[ENVO:01000338]","Canada: Ontario","47.7 N 83.6 W","0.7 t/ha Bottom wood ash","replicate  4"
"64","ILK-A1-MIN-4","","","soil metagenome",2017,"0-10 cm",439,"soil[ENVO:00001998]","forest soil[ENVO:00002261]","mineral horizon[ENVO:03600011]","Canada: Ontario","47.7 N 83.6 W","0.7 t/ha Bottom wood ash","replicate  4"
"66","SRD-A2-MIN-1","","","soil metagenome",2017,"0-10 cm",214,"soil[ENVO:00001998]","forest soil[ENVO:00002261]","mineral horizon[ENVO:03600011]","Canada: Ontario","48.367 N 89.397 W","10 t/ha Fly wood ash","replicate  1"
"68","ILK-C-MIN-4","","","soil metagenome",2017,"0-10 cm",439,"soil[ENVO:00001998]","forest soil[ENVO:00002261]","mineral horizon[ENVO:03600011]","Canada: Ontario","47.7 N 83.6 W","","replicate  4"
"69","ILK-C-LM-4","","","soil metagenome",2017,"~10 cm",439,"soil[ENVO:00001998]","forest soil[ENVO:00002261]","litter layer[ENVO:01000338]","Canada: Ontario","47.7 N 83.6 W","","replicate  4"
"72","ILK-C-FH-4","","","soil metagenome",2017,"~10 cm",439,"soil[ENVO:00001998]","forest soil[ENVO:00002261]","organic horizon[ENVO:03600018]","Canada: Ontario","47.7 N 83.6 W","","replicate  4"
"74","ILK-A4-MIN-3","","","soil metagenome",2017,"0-10 cm",439,"soil[ENVO:00001998]","forest soil[ENVO:00002261]","mineral horizon[ENVO:03600011]","Canada: Ontario","47.7 N 83.6 W","5.6 t/ha Bottom wood ash","replicate  3"
"76","ILK-A4-LM-3","","","soil metagenome",2017,"~10 cm",439,"soil[ENVO:00001998]","forest soil[ENVO:00002261]","litter layer[ENVO:01000338]","Canada: Ontario","47.7 N 83.6 W","5.6 t/ha Bottom wood ash","replicate  3"
"78","ILK-A4-FH-3","","","soil metagenome",2017,"~10 cm",439,"soil[ENVO:00001998]","forest soil[ENVO:00002261]","organic horizon[ENVO:03600018]","Canada: Ontario","47.7 N 83.6 W","5.6 t/ha Bottom wood ash","replicate  3"
"81","ILK-A3-MIN-3","","","soil metagenome",2017,"0-10 cm",439,"soil[ENVO:00001998]","forest soil[ENVO:00002261]","mineral horizon[ENVO:03600011]","Canada: Ontario","47.7 N 83.6 W","2.8 t/ha Bottom wood ash","replicate  3"
"82","ILK-A3-FH-3","","","soil metagenome",2017,"~10 cm",439,"soil[ENVO:00001998]","forest soil[ENVO:00002261]","organic horizon[ENVO:03600018]","Canada: Ontario","47.7 N 83.6 W","2.8 t/ha Bottom wood ash","replicate  3"
"84","ILK-A3-LM-3","","","soil metagenome",2017,"~10 cm",439,"soil[ENVO:00001998]","forest soil[ENVO:00002261]","litter layer[ENVO:01000338]","Canada: Ontario","47.7 N 83.6 W","2.8 t/ha Bottom wood ash","replicate  3"
"86","ILK-A1-MIN-3","","","soil metagenome",2017,"0-10 cm",439,"soil[ENVO:00001998]","forest soil[ENVO:00002261]","mineral horizon[ENVO:03600011]","Canada: Ontario","47.7 N 83.6 W","0.7 t/ha Bottom wood ash","replicate  3"
"88","ILK-A1-LM-3","","","soil metagenome",2017,"~10 cm",439,"soil[ENVO:00001998]","forest soil[ENVO:00002261]","litter layer[ENVO:01000338]","Canada: Ontario","47.7 N 83.6 W","0.7 t/ha Bottom wood ash","replicate  3"
"89","SRD-A2-LFH-1","","","soil metagenome",2017,"0 cm",214,"soil[ENVO:00001998]","forest soil[ENVO:00002261]","organic horizon[ENVO:03600018]","Canada: Ontario","48.367 N 89.397 W","10 t/ha Fly wood ash","replicate  1"
"92","ILK-A1-FH-3","","","soil metagenome",2017,"~10 cm",439,"soil[ENVO:00001998]","forest soil[ENVO:00002261]","organic horizon[ENVO:03600018]","Canada: Ontario","47.7 N 83.6 W","0.7 t/ha Bottom wood ash","replicate  3"
"95","ILK-C-MIN-3","","","soil metagenome",2017,"0-10 cm",439,"soil[ENVO:00001998]","forest soil[ENVO:00002261]","mineral horizon[ENVO:03600011]","Canada: Ontario","47.7 N 83.6 W","","replicate  3"
"96","ILK-C-FH-3","","","soil metagenome",2017,"~10 cm",439,"soil[ENVO:00001998]","forest soil[ENVO:00002261]","organic horizon[ENVO:03600018]","Canada: Ontario","47.7 N 83.6 W","","replicate  3"
"97","ILK-C-LM-3","","","soil metagenome",2017,"~10 cm",439,"soil[ENVO:00001998]","forest soil[ENVO:00002261]","litter layer[ENVO:01000338]","Canada: Ontario","47.7 N 83.6 W","","replicate  3"
"98","ILK-A4-LM-2","","","soil metagenome",2017,"~10 cm",439,"soil[ENVO:00001998]","forest soil[ENVO:00002261]","litter layer[ENVO:01000338]","Canada: Ontario","47.7 N 83.6 W","5.6 t/ha Bottom wood ash","replicate  2"
"99","ILK-A4-MIN-2","","","soil metagenome",2017,"0-10 cm",439,"soil[ENVO:00001998]","forest soil[ENVO:00002261]","mineral horizon[ENVO:03600011]","Canada: Ontario","47.7 N 83.6 W","5.6 t/ha Bottom wood ash","replicate  2"
"102","ILK-A4-FH-2","","","soil metagenome",2017,"~10 cm",439,"soil[ENVO:00001998]","forest soil[ENVO:00002261]","organic horizon[ENVO:03600018]","Canada: Ontario","47.7 N 83.6 W","5.6 t/ha Bottom wood ash","replicate  2"
"104","ILK-A2-MIN-2","","","soil metagenome",2017,"0-10 cm",439,"soil[ENVO:00001998]","forest soil[ENVO:00002261]","mineral horizon[ENVO:03600011]","Canada: Ontario","47.7 N 83.6 W","1.4 t/ha Bottom wood ash","replicate  2"
"106","ILK-A2-FH-2","","","soil metagenome",2017,"~10 cm",439,"soil[ENVO:00001998]","forest soil[ENVO:00002261]","organic horizon[ENVO:03600018]","Canada: Ontario","47.7 N 83.6 W","1.4 t/ha Bottom wood ash","replicate  2"
"107","SRD-A1-MIN-1","","","soil metagenome",2017,"0-10 cm",214,"soil[ENVO:00001998]","forest soil[ENVO:00002261]","mineral horizon[ENVO:03600011]","Canada: Ontario","48.367 N 89.397 W","1 t/ha Fly wood ash","replicate  1"
"111","ILK-A2-LM-2","","","soil metagenome",2017,"~10 cm",439,"soil[ENVO:00001998]","forest soil[ENVO:00002261]","litter layer[ENVO:01000338]","Canada: Ontario","47.7 N 83.6 W","1.4 t/ha Bottom wood ash","replicate  2"
"115","ILK-A1-MIN-2","","","soil metagenome",2017,"0-10 cm",439,"soil[ENVO:00001998]","forest soil[ENVO:00002261]","mineral horizon[ENVO:03600011]","Canada: Ontario","47.7 N 83.6 W","0.7 t/ha Bottom wood ash","replicate  2"
"117","ILK-A1-LM-2","","","soil metagenome",2017,"~10 cm",439,"soil[ENVO:00001998]","forest soil[ENVO:00002261]","litter layer[ENVO:01000338]","Canada: Ontario","47.7 N 83.6 W","0.7 t/ha Bottom wood ash","replicate  2"
"119","ILK-C-MIN-2","","","soil metagenome",2017,"0-10 cm",439,"soil[ENVO:00001998]","forest soil[ENVO:00002261]","mineral horizon[ENVO:03600011]","Canada: Ontario","47.7 N 83.6 W","","replicate  2"
"120","ILK-C-FH-2","","","soil metagenome",2017,"~10 cm",439,"soil[ENVO:00001998]","forest soil[ENVO:00002261]","organic horizon[ENVO:03600018]","Canada: Ontario","47.7 N 83.6 W","","replicate  2"
"121","ILK-A1-FH-2","","","soil metagenome",2017,"~10 cm",439,"soil[ENVO:00001998]","forest soil[ENVO:00002261]","organic horizon[ENVO:03600018]","Canada: Ontario","47.7 N 83.6 W","0.7 t/ha Bottom wood ash","replicate  2"
"122","ILK-C-LM-2","","","soil metagenome",2017,"~10 cm",439,"soil[ENVO:00001998]","forest soil[ENVO:00002261]","litter layer[ENVO:01000338]","Canada: Ontario","47.7 N 83.6 W","","replicate  2"
"125","ILK-A3-MIN-1","","","soil metagenome",2017,"0-10 cm",439,"soil[ENVO:00001998]","forest soil[ENVO:00002261]","mineral horizon[ENVO:03600011]","Canada: Ontario","47.7 N 83.6 W","2.8 t/ha Bottom wood ash","replicate  1"
"127","SRD-A1-LFH-1","","","soil metagenome",2017,"0 cm",214,"soil[ENVO:00001998]","forest soil[ENVO:00002261]","organic horizon[ENVO:03600018]","Canada: Ontario","48.367 N 89.397 W","1 t/ha Fly wood ash","replicate  1"
"129","ILK-A3-LM-1","","","soil metagenome",2017,"~10 cm",439,"soil[ENVO:00001998]","forest soil[ENVO:00002261]","litter layer[ENVO:01000338]","Canada: Ontario","47.7 N 83.6 W","2.8 t/ha Bottom wood ash","replicate  1"
"132","ILK-A2-FH-1","","","soil metagenome",2017,"~10 cm",439,"soil[ENVO:00001998]","forest soil[ENVO:00002261]","organic horizon[ENVO:03600018]","Canada: Ontario","47.7 N 83.6 W","1.4 t/ha Bottom wood ash","replicate  1"
"135","ILK-A2-LM-1","","","soil metagenome",2017,"~10 cm",439,"soil[ENVO:00001998]","forest soil[ENVO:00002261]","litter layer[ENVO:01000338]","Canada: Ontario","47.7 N 83.6 W","1.4 t/ha Bottom wood ash","replicate  1"
"136","ILK-A2-MIN-1","","","soil metagenome",2017,"0-10 cm",439,"soil[ENVO:00001998]","forest soil[ENVO:00002261]","mineral horizon[ENVO:03600011]","Canada: Ontario","47.7 N 83.6 W","1.4 t/ha Bottom wood ash","replicate  1"
"139","ILK-A3-FH-1","","","soil metagenome",2017,"~10 cm",439,"soil[ENVO:00001998]","forest soil[ENVO:00002261]","organic horizon[ENVO:03600018]","Canada: Ontario","47.7 N 83.6 W","2.8 t/ha Bottom wood ash","replicate  1"
"140","ILK-A1-LM-1","","","soil metagenome",2017,"~10 cm",439,"soil[ENVO:00001998]","forest soil[ENVO:00002261]","litter layer[ENVO:01000338]","Canada: Ontario","47.7 N 83.6 W","0.7 t/ha Bottom wood ash","replicate  1"
"142","ILK-A1-FH-1","","","soil metagenome",2017,"~10 cm",439,"soil[ENVO:00001998]","forest soil[ENVO:00002261]","organic horizon[ENVO:03600018]","Canada: Ontario","47.7 N 83.6 W","0.7 t/ha Bottom wood ash","replicate  1"
"143","ILK-C-MIN-1","","","soil metagenome",2017,"0-10 cm",439,"soil[ENVO:00001998]","forest soil[ENVO:00002261]","mineral horizon[ENVO:03600011]","Canada: Ontario","47.7 N 83.6 W","","replicate  1"
"145","ILK-C-LM-1","","","soil metagenome",2017,"~10 cm",439,"soil[ENVO:00001998]","forest soil[ENVO:00002261]","litter layer[ENVO:01000338]","Canada: Ontario","47.7 N 83.6 W","","replicate  1"
"147","ILK-A1-MIN-1","","","soil metagenome",2017,"0-10 cm",439,"soil[ENVO:00001998]","forest soil[ENVO:00002261]","mineral horizon[ENVO:03600011]","Canada: Ontario","47.7 N 83.6 W","0.7 t/ha Bottom wood ash","replicate  1"
"149","SRD-A2-MIN-5","","","soil metagenome",2017,"0-10 cm",214,"soil[ENVO:00001998]","forest soil[ENVO:00002261]","mineral horizon[ENVO:03600011]","Canada: Ontario","48.367 N 89.397 W","10 t/ha Fly wood ash","replicate  5"
"151","ILK-C-FH-1","","","soil metagenome",2017,"~10 cm",439,"soil[ENVO:00001998]","forest soil[ENVO:00002261]","organic horizon[ENVO:03600018]","Canada: Ontario","47.7 N 83.6 W","","replicate  1"
"152","SRD-C-MIN-1","","","soil metagenome",2017,"0-10 cm",214,"soil[ENVO:00001998]","forest soil[ENVO:00002261]","mineral horizon[ENVO:03600011]","Canada: Ontario","48.367 N 89.397 W","","replicate  1"
"154","SRD-A2-LFH-5","","","soil metagenome",2017,"0 cm",214,"soil[ENVO:00001998]","forest soil[ENVO:00002261]","organic horizon[ENVO:03600018]","Canada: Ontario","48.367 N 89.397 W","10 t/ha Fly wood ash","replicate  5"
"157","SRD-A1-MIN-5","","","soil metagenome",2017,"0-10 cm",214,"soil[ENVO:00001998]","forest soil[ENVO:00002261]","mineral horizon[ENVO:03600011]","Canada: Ontario","48.367 N 89.397 W","1 t/ha Fly wood ash","replicate  5"
"158","SRD-A1-LFH-5","","","soil metagenome",2017,"0 cm",214,"soil[ENVO:00001998]","forest soil[ENVO:00002261]","organic horizon[ENVO:03600018]","Canada: Ontario","48.367 N 89.397 W","1 t/ha Fly wood ash","replicate  5"
"162","SRD-A1-MIN-4","","","soil metagenome",2017,"0-10 cm",214,"soil[ENVO:00001998]","forest soil[ENVO:00002261]","mineral horizon[ENVO:03600011]","Canada: Ontario","48.367 N 89.397 W","1 t/ha Fly wood ash","replicate  4"
"163","SRD-A2-LFH-4","","","soil metagenome",2017,"0 cm",214,"soil[ENVO:00001998]","forest soil[ENVO:00002261]","organic horizon[ENVO:03600018]","Canada: Ontario","48.367 N 89.397 W","10 t/ha Fly wood ash","replicate  4"
"164","SRD-C-MIN-5","","","soil metagenome",2017,"0-10 cm",214,"soil[ENVO:00001998]","forest soil[ENVO:00002261]","mineral horizon[ENVO:03600011]","Canada: Ontario","48.367 N 89.397 W","","replicate  5"
"166","SRD-C-LFH-5","","","soil metagenome",2017,"0 cm",214,"soil[ENVO:00001998]","forest soil[ENVO:00002261]","organic horizon[ENVO:03600018]","Canada: Ontario","48.367 N 89.397 W","","replicate  5"
"168","SRD-A1-LFH-4","","","soil metagenome",2017,"0 cm",214,"soil[ENVO:00001998]","forest soil[ENVO:00002261]","organic horizon[ENVO:03600018]","Canada: Ontario","48.367 N 89.397 W","1 t/ha Fly wood ash","replicate  4"
"172","SRD-C-MIN-4","","","soil metagenome",2017,"0-10 cm",214,"soil[ENVO:00001998]","forest soil[ENVO:00002261]","mineral horizon[ENVO:03600011]","Canada: Ontario","48.367 N 89.397 W","","replicate  4"
"173","SRD-A2-MIN-4","","","soil metagenome",2017,"0-10 cm",214,"soil[ENVO:00001998]","forest soil[ENVO:00002261]","mineral horizon[ENVO:03600011]","Canada: Ontario","48.367 N 89.397 W","10 t/ha Fly wood ash","replicate  4"
"175","SRD-C-LFH-1","","","soil metagenome",2017,"0 cm",214,"soil[ENVO:00001998]","forest soil[ENVO:00002261]","organic horizon[ENVO:03600018]","Canada: Ontario","48.367 N 89.397 W","","replicate  1"
"177","SRD-C-LFH-4","","","soil metagenome",2017,"0 cm",214,"soil[ENVO:00001998]","forest soil[ENVO:00002261]","organic horizon[ENVO:03600018]","Canada: Ontario","48.367 N 89.397 W","","replicate  4"
"179","SRD-A2-MIN-3","","","soil metagenome",2017,"0-10 cm",214,"soil[ENVO:00001998]","forest soil[ENVO:00002261]","mineral horizon[ENVO:03600011]","Canada: Ontario","48.367 N 89.397 W","10 t/ha Fly wood ash","replicate  3"
"180","SRD-A2-LFH-3","","","soil metagenome",2017,"0 cm",214,"soil[ENVO:00001998]","forest soil[ENVO:00002261]","organic horizon[ENVO:03600018]","Canada: Ontario","48.367 N 89.397 W","10 t/ha Fly wood ash","replicate  3"
"184","SRD-A1-MIN-3","","","soil metagenome",2017,"0-10 cm",214,"soil[ENVO:00001998]","forest soil[ENVO:00002261]","mineral horizon[ENVO:03600011]","Canada: Ontario","48.367 N 89.397 W","1 t/ha Fly wood ash","replicate  3"
"186","HLB-A6-FH-4","","","soil metagenome",2017,"5-8 cm",415,"soil[ENVO:00001998]","forest soil[ENVO:00002261]","organic horizon[ENVO:03600018]","Canada: Ontario","45.223 N 78.592 W","8 t/ha Fly wood ash","replicate  4"
"188","HLB-A5-LM-4","","","soil metagenome",2017,"5-8 cm",415,"soil[ENVO:00001998]","forest soil[ENVO:00002261]","litter layer[ENVO:01000338]","Canada: Ontario","45.223 N 78.592 W","4 t/ha Fly wood ash","replicate  4"
"189","HLB-A4-FH-4","","","soil metagenome",2017,"5-8 cm",415,"soil[ENVO:00001998]","forest soil[ENVO:00002261]","organic horizon[ENVO:03600018]","Canada: Ontario","45.223 N 78.592 W","1 t/ha Fly wood ash","replicate  4"
"190","HLB-C-LM-4","","","soil metagenome",2017,"5-8 cm",415,"soil[ENVO:00001998]","forest soil[ENVO:00002261]","litter layer[ENVO:01000338]","Canada: Ontario","45.223 N 78.592 W","","replicate  4"
"192","HLB-A6-LM-4","","","soil metagenome",2017,"5-8 cm",415,"soil[ENVO:00001998]","forest soil[ENVO:00002261]","litter layer[ENVO:01000338]","Canada: Ontario","45.223 N 78.592 W","8 t/ha Fly wood ash","replicate  4"
"193","HLB-A4-LM-4","","","soil metagenome",2017,"5-8 cm",415,"soil[ENVO:00001998]","forest soil[ENVO:00002261]","litter layer[ENVO:01000338]","Canada: Ontario","45.223 N 78.592 W","1 t/ha Fly wood ash","replicate  4"
"194","HLB-A5-FH-4","","","soil metagenome",2017,"5-8 cm",415,"soil[ENVO:00001998]","forest soil[ENVO:00002261]","organic horizon[ENVO:03600018]","Canada: Ontario","45.223 N 78.592 W","4 t/ha Fly wood ash","replicate  4"
"198","HLB-C-FH-4","","","soil metagenome",2017,"5-8 cm",415,"soil[ENVO:00001998]","forest soil[ENVO:00002261]","organic horizon[ENVO:03600018]","Canada: Ontario","45.223 N 78.592 W","","replicate  4"
"200","HLB-A6-FH-3","","","soil metagenome",2017,"5-8 cm",415,"soil[ENVO:00001998]","forest soil[ENVO:00002261]","organic horizon[ENVO:03600018]","Canada: Ontario","45.223 N 78.592 W","8 t/ha Fly wood ash","replicate  3"
"202","HLB-A6-LM-3","","","soil metagenome",2017,"5-8 cm",415,"soil[ENVO:00001998]","forest soil[ENVO:00002261]","litter layer[ENVO:01000338]","Canada: Ontario","45.223 N 78.592 W","8 t/ha Fly wood ash","replicate  3"
"203","HLB-A5-FH-3","","","soil metagenome",2017,"5-8 cm",415,"soil[ENVO:00001998]","forest soil[ENVO:00002261]","organic horizon[ENVO:03600018]","Canada: Ontario","45.223 N 78.592 W","4 t/ha Fly wood ash","replicate  3"
"208","SRD-A1-LFH-3","","","soil metagenome",2017,"0 cm",214,"soil[ENVO:00001998]","forest soil[ENVO:00002261]","organic horizon[ENVO:03600018]","Canada: Ontario","48.367 N 89.397 W","1 t/ha Fly wood ash","replicate  3"
"210","HLB-A5-LM-3","","","soil metagenome",2017,"5-8 cm",415,"soil[ENVO:00001998]","forest soil[ENVO:00002261]","litter layer[ENVO:01000338]","Canada: Ontario","45.223 N 78.592 W","4 t/ha Fly wood ash","replicate  3"
"212","HLB-C-LM-3","","","soil metagenome",2017,"5-8 cm",415,"soil[ENVO:00001998]","forest soil[ENVO:00002261]","litter layer[ENVO:01000338]","Canada: Ontario","45.223 N 78.592 W","","replicate  3"
"213","HLB-A4-LM-3","","","soil metagenome",2017,"5-8 cm",415,"soil[ENVO:00001998]","forest soil[ENVO:00002261]","litter layer[ENVO:01000338]","Canada: Ontario","45.223 N 78.592 W","1 t/ha Fly wood ash","replicate  3"
"214","HLB-A4-FH-3","","","soil metagenome",2017,"5-8 cm",415,"soil[ENVO:00001998]","forest soil[ENVO:00002261]","organic horizon[ENVO:03600018]","Canada: Ontario","45.223 N 78.592 W","1 t/ha Fly wood ash","replicate  3"
"217","HLB-C-FH-3","","","soil metagenome",2017,"5-8 cm",415,"soil[ENVO:00001998]","forest soil[ENVO:00002261]","organic horizon[ENVO:03600018]","Canada: Ontario","45.223 N 78.592 W","","replicate  3"
"218","HLB-A6-FH-2","","","soil metagenome",2017,"5-8 cm",415,"soil[ENVO:00001998]","forest soil[ENVO:00002261]","organic horizon[ENVO:03600018]","Canada: Ontario","45.223 N 78.592 W","8 t/ha Fly wood ash","replicate  2"
"219","HLB-A6-LM-2","","","soil metagenome",2017,"5-8 cm",415,"soil[ENVO:00001998]","forest soil[ENVO:00002261]","litter layer[ENVO:01000338]","Canada: Ontario","45.223 N 78.592 W","8 t/ha Fly wood ash","replicate  2"
"221","HLB-A5-FH-2","","","soil metagenome",2017,"5-8 cm",415,"soil[ENVO:00001998]","forest soil[ENVO:00002261]","organic horizon[ENVO:03600018]","Canada: Ontario","45.223 N 78.592 W","4 t/ha Fly wood ash","replicate  2"
"225","HLB-A4-LM-2","","","soil metagenome",2017,"5-8 cm",415,"soil[ENVO:00001998]","forest soil[ENVO:00002261]","litter layer[ENVO:01000338]","Canada: Ontario","45.223 N 78.592 W","1 t/ha Fly wood ash","replicate  2"
"226","HLB-A5-LM-2","","","soil metagenome",2017,"5-8 cm",415,"soil[ENVO:00001998]","forest soil[ENVO:00002261]","litter layer[ENVO:01000338]","Canada: Ontario","45.223 N 78.592 W","4 t/ha Fly wood ash","replicate  2"
"227","HLB-A4-FH-2","","","soil metagenome",2017,"5-8 cm",415,"soil[ENVO:00001998]","forest soil[ENVO:00002261]","organic horizon[ENVO:03600018]","Canada: Ontario","45.223 N 78.592 W","1 t/ha Fly wood ash","replicate  2"
"228","HLB-C-FH-2","","","soil metagenome",2017,"5-8 cm",415,"soil[ENVO:00001998]","forest soil[ENVO:00002261]","organic horizon[ENVO:03600018]","Canada: Ontario","45.223 N 78.592 W","","replicate  2"
"229","HLB-C-LM-2","","","soil metagenome",2017,"5-8 cm",415,"soil[ENVO:00001998]","forest soil[ENVO:00002261]","litter layer[ENVO:01000338]","Canada: Ontario","45.223 N 78.592 W","","replicate  2"
"233","SRD-C-MIN-3","","","soil metagenome",2017,"0-10 cm",214,"soil[ENVO:00001998]","forest soil[ENVO:00002261]","mineral horizon[ENVO:03600011]","Canada: Ontario","48.367 N 89.397 W","","replicate  3"
"236","HLB-A6-FH-1","","","soil metagenome",2017,"5-8 cm",415,"soil[ENVO:00001998]","forest soil[ENVO:00002261]","organic horizon[ENVO:03600018]","Canada: Ontario","45.223 N 78.592 W","8 t/ha Fly wood ash","replicate  1"
"240","HLB-A5-FH-1","","","soil metagenome",2017,"5-8 cm",415,"soil[ENVO:00001998]","forest soil[ENVO:00002261]","organic horizon[ENVO:03600018]","Canada: Ontario","45.223 N 78.592 W","4 t/ha Fly wood ash","replicate  1"
"242","HLB-A6-LM-1","","","soil metagenome",2017,"5-8 cm",415,"soil[ENVO:00001998]","forest soil[ENVO:00002261]","litter layer[ENVO:01000338]","Canada: Ontario","45.223 N 78.592 W","8 t/ha Fly wood ash","replicate  1"
"244","HLB-A5-LM-1","","","soil metagenome",2017,"5-8 cm",415,"soil[ENVO:00001998]","forest soil[ENVO:00002261]","litter layer[ENVO:01000338]","Canada: Ontario","45.223 N 78.592 W","4 t/ha Fly wood ash","replicate  1"
"245","HLB-A4-LM-1","","","soil metagenome",2017,"5-8 cm",415,"soil[ENVO:00001998]","forest soil[ENVO:00002261]","litter layer[ENVO:01000338]","Canada: Ontario","45.223 N 78.592 W","1 t/ha Fly wood ash","replicate  1"
"247","HLB-A4-FH-1","","","soil metagenome",2017,"5-8 cm",415,"soil[ENVO:00001998]","forest soil[ENVO:00002261]","organic horizon[ENVO:03600018]","Canada: Ontario","45.223 N 78.592 W","1 t/ha Fly wood ash","replicate  1"
"248","HLB-C-FH-1","","","soil metagenome",2017,"5-8 cm",415,"soil[ENVO:00001998]","forest soil[ENVO:00002261]","organic horizon[ENVO:03600018]","Canada: Ontario","45.223 N 78.592 W","","replicate  1"
"251","HLB-C-LM-1","","","soil metagenome",2017,"5-8 cm",415,"soil[ENVO:00001998]","forest soil[ENVO:00002261]","litter layer[ENVO:01000338]","Canada: Ontario","45.223 N 78.592 W","","replicate  1"
"252","SRD-C-LFH-3","","","soil metagenome",2017,"0 cm",214,"soil[ENVO:00001998]","forest soil[ENVO:00002261]","organic horizon[ENVO:03600018]","Canada: Ontario","48.367 N 89.397 W","","replicate  3"
"255","ALS-A2-LFH-3","","","soil metagenome",2017,"~5.2 cm",643,"soil[ENVO:00001998]","forest soil[ENVO:00002261]","organic horizon[ENVO:03600018]","Canada: British Columbia","54.071 N 122.08 W","5 t/ha CPLP Bottom wood ash","replicate  3"
"257","ALS-A2-LFH-2","","","soil metagenome",2017,"~5.2 cm",643,"soil[ENVO:00001998]","forest soil[ENVO:00002261]","organic horizon[ENVO:03600018]","Canada: British Columbia","54.071 N 122.08 W","5 t/ha CPLP Bottom wood ash","replicate  2"
"258","ALS-A1-LFH-3","","","soil metagenome",2017,"~5.2 cm",643,"soil[ENVO:00001998]","forest soil[ENVO:00002261]","organic horizon[ENVO:03600018]","Canada: British Columbia","54.071 N 122.08 W","5 t/ha UNBC Bottom wood ash","replicate  3"
"260","ALS-C-LFH-3","","","soil metagenome",2017,"~5.2 cm",643,"soil[ENVO:00001998]","forest soil[ENVO:00002261]","organic horizon[ENVO:03600018]","Canada: British Columbia","54.071 N 122.08 W","","replicate  3"
"262","ALS-A1-LFH-2","","","soil metagenome",2017,"~5.2 cm",643,"soil[ENVO:00001998]","forest soil[ENVO:00002261]","organic horizon[ENVO:03600018]","Canada: British Columbia","54.071 N 122.08 W","5 t/ha UNBC Bottom wood ash","replicate  2"
"263","ALS-A1-LFH-1","","","soil metagenome",2017,"~5.2 cm",643,"soil[ENVO:00001998]","forest soil[ENVO:00002261]","organic horizon[ENVO:03600018]","Canada: British Columbia","54.071 N 122.08 W","5 t/ha UNBC Bottom wood ash","replicate  1"
"265","ALS-A2-LFH-1","","","soil metagenome",2017,"~5.2 cm",643,"soil[ENVO:00001998]","forest soil[ENVO:00002261]","organic horizon[ENVO:03600018]","Canada: British Columbia","54.071 N 122.08 W","5 t/ha CPLP Bottom wood ash","replicate  1"
"267","ALS-C-LFH-1","","","soil metagenome",2017,"~5.2 cm",643,"soil[ENVO:00001998]","forest soil[ENVO:00002261]","organic horizon[ENVO:03600018]","Canada: British Columbia","54.071 N 122.08 W","","replicate  1"
"270","SRD-A2-MIN-2","","","soil metagenome",2017,"0-10 cm",214,"soil[ENVO:00001998]","forest soil[ENVO:00002261]","mineral horizon[ENVO:03600011]","Canada: Ontario","48.367 N 89.397 W","10 t/ha Fly wood ash","replicate  2"
"271","ALN-A2-LFH-3","","","soil metagenome",2017,"~5.2 cm",620,"soil[ENVO:00001998]","forest soil[ENVO:00002261]","organic horizon[ENVO:03600018]","Canada: British Columbia","54.086 N 122.09 W","5 t/ha CPLP Bottom wood ash","replicate  3"
"274","ALN-A1-LFH-3","","","soil metagenome",2017,"~5.2 cm",620,"soil[ENVO:00001998]","forest soil[ENVO:00002261]","organic horizon[ENVO:03600018]","Canada: British Columbia","54.086 N 122.09 W","5 t/ha UNBC Bottom wood ash","replicate  3"
"275","ALN-C-LFH-3","","","soil metagenome",2017,"~5.2 cm",620,"soil[ENVO:00001998]","forest soil[ENVO:00002261]","organic horizon[ENVO:03600018]","Canada: British Columbia","54.086 N 122.09 W","","replicate  3"
"276","ALS-C-LFH-2","","","soil metagenome",2017,"~5.2 cm",643,"soil[ENVO:00001998]","forest soil[ENVO:00002261]","organic horizon[ENVO:03600018]","Canada: British Columbia","54.071 N 122.08 W","","replicate  2"
"277","ALN-A2-LFH-2","","","soil metagenome",2017,"~5.2 cm",620,"soil[ENVO:00001998]","forest soil[ENVO:00002261]","organic horizon[ENVO:03600018]","Canada: British Columbia","54.086 N 122.09 W","5 t/ha CPLP Bottom wood ash","replicate  2"
"279","ALN-A1-LFH-2","","","soil metagenome",2017,"~5.2 cm",620,"soil[ENVO:00001998]","forest soil[ENVO:00002261]","organic horizon[ENVO:03600018]","Canada: British Columbia","54.086 N 122.09 W","5 t/ha UNBC Bottom wood ash","replicate  2"
"280","ALN-C-LFH-2","","","soil metagenome",2017,"~5.2 cm",620,"soil[ENVO:00001998]","forest soil[ENVO:00002261]","organic horizon[ENVO:03600018]","Canada: British Columbia","54.086 N 122.09 W","","replicate  2"
"281","ALN-A2-LFH-1","","","soil metagenome",2017,"~5.2 cm",620,"soil[ENVO:00001998]","forest soil[ENVO:00002261]","organic horizon[ENVO:03600018]","Canada: British Columbia","54.086 N 122.09 W","5 t/ha CPLP Bottom wood ash","replicate  1"
"287","MSK-A2-LFH-3","","","soil metagenome",2017,"5to 10 cm",691,"soil[ENVO:00001998]","forest soil[ENVO:00002261]","organic horizon[ENVO:03600018]","Canada: Satskatchewan","53.733 N 108.183 W","5 t/ha Bottom wood ash","replicate  3"
"288","MSK-A2-MIN-3","","","soil metagenome",2017,"0-10 cm",691,"soil[ENVO:00001998]","forest soil[ENVO:00002261]","mineral horizon[ENVO:03600011]","Canada: Satskatchewan","53.733 N 108.183 W","5 t/ha Bottom wood ash","replicate  3"
"290","ALN-A1-LFH-1","","","soil metagenome",2017,"~5.2 cm",620,"soil[ENVO:00001998]","forest soil[ENVO:00002261]","organic horizon[ENVO:03600018]","Canada: British Columbia","54.086 N 122.09 W","5 t/ha UNBC Bottom wood ash","replicate  1"
"291","ALN-C-LFH-1","","","soil metagenome",2017,"~5.2 cm",620,"soil[ENVO:00001998]","forest soil[ENVO:00002261]","organic horizon[ENVO:03600018]","Canada: British Columbia","54.086 N 122.09 W","","replicate  1"
"296","SRD-A2-LFH-2","","","soil metagenome",2017,"0 cm",214,"soil[ENVO:00001998]","forest soil[ENVO:00002261]","organic horizon[ENVO:03600018]","Canada: Ontario","48.367 N 89.397 W","10 t/ha Fly wood ash","replicate  2"
"297","MSK-A1-MIN-3","","","soil metagenome",2017,"0-10 cm",691,"soil[ENVO:00001998]","forest soil[ENVO:00002261]","mineral horizon[ENVO:03600011]","Canada: Satskatchewan","53.733 N 108.183 W","1 t/ha Bottom wood ash","replicate  3"
"300","MSK-A1-LFH-3","","","soil metagenome",2017,"5to 10 cm",691,"soil[ENVO:00001998]","forest soil[ENVO:00002261]","organic horizon[ENVO:03600018]","Canada: Satskatchewan","53.733 N 108.183 W","1 t/ha Bottom wood ash","replicate  3"
"301","MSK-C-MIN-3","","","soil metagenome",2017,"0-10 cm",691,"soil[ENVO:00001998]","forest soil[ENVO:00002261]","mineral horizon[ENVO:03600011]","Canada: Satskatchewan","53.733 N 108.183 W","","replicate  3"
"302","MSK-C-LFH-3","","","soil metagenome",2017,"5to 10 cm",691,"soil[ENVO:00001998]","forest soil[ENVO:00002261]","organic horizon[ENVO:03600018]","Canada: Satskatchewan","53.733 N 108.183 W","","replicate  3"
"304","MSK-A2-MIN-2","","","soil metagenome",2017,"0-10 cm",691,"soil[ENVO:00001998]","forest soil[ENVO:00002261]","mineral horizon[ENVO:03600011]","Canada: Satskatchewan","53.733 N 108.183 W","5 t/ha Bottom wood ash","replicate  2"
"307","MSK-A1-LFH-2","","","soil metagenome",2017,"5to 10 cm",691,"soil[ENVO:00001998]","forest soil[ENVO:00002261]","organic horizon[ENVO:03600018]","Canada: Satskatchewan","53.733 N 108.183 W","1 t/ha Bottom wood ash","replicate  2"
"308","MSK-A1-MIN-2","","","soil metagenome",2017,"0-10 cm",691,"soil[ENVO:00001998]","forest soil[ENVO:00002261]","mineral horizon[ENVO:03600011]","Canada: Satskatchewan","53.733 N 108.183 W","1 t/ha Bottom wood ash","replicate  2"
"309","MSK-A2-LFH-2","","","soil metagenome",2017,"5to 10 cm",691,"soil[ENVO:00001998]","forest soil[ENVO:00002261]","organic horizon[ENVO:03600018]","Canada: Satskatchewan","53.733 N 108.183 W","5 t/ha Bottom wood ash","replicate  2"
"312","MSK-C-LFH-2","","","soil metagenome",2017,"5to 10 cm",691,"soil[ENVO:00001998]","forest soil[ENVO:00002261]","organic horizon[ENVO:03600018]","Canada: Satskatchewan","53.733 N 108.183 W","","replicate  2"
"314","MSK-C-MIN-2","","","soil metagenome",2017,"0-10 cm",691,"soil[ENVO:00001998]","forest soil[ENVO:00002261]","mineral horizon[ENVO:03600011]","Canada: Satskatchewan","53.733 N 108.183 W","","replicate  2"
"316","SRD-A1-MIN-2","","","soil metagenome",2017,"0-10 cm",214,"soil[ENVO:00001998]","forest soil[ENVO:00002261]","mineral horizon[ENVO:03600011]","Canada: Ontario","48.367 N 89.397 W","1 t/ha Fly wood ash","replicate  2"
"318","MSK-A2-MIN-1","","","soil metagenome",2017,"0-10 cm",691,"soil[ENVO:00001998]","forest soil[ENVO:00002261]","mineral horizon[ENVO:03600011]","Canada: Satskatchewan","53.733 N 108.183 W","5 t/ha Bottom wood ash","replicate  1"
"320","MSK-A2-LFH-1","","","soil metagenome",2017,"5to 10 cm",691,"soil[ENVO:00001998]","forest soil[ENVO:00002261]","organic horizon[ENVO:03600018]","Canada: Satskatchewan","53.733 N 108.183 W","5 t/ha Bottom wood ash","replicate  1"
"322","MSK-A1-MIN-1","","","soil metagenome",2017,"0-10 cm",691,"soil[ENVO:00001998]","forest soil[ENVO:00002261]","mineral horizon[ENVO:03600011]","Canada: Satskatchewan","53.733 N 108.183 W","1 t/ha Bottom wood ash","replicate  1"
"323","MSK-A1-LFH-1","","","soil metagenome",2017,"5to 10 cm",691,"soil[ENVO:00001998]","forest soil[ENVO:00002261]","organic horizon[ENVO:03600018]","Canada: Satskatchewan","53.733 N 108.183 W","1 t/ha Bottom wood ash","replicate  1"
"327","MSK-C-LFH-1","","","soil metagenome",2017,"5to 10 cm",691,"soil[ENVO:00001998]","forest soil[ENVO:00002261]","organic horizon[ENVO:03600018]","Canada: Satskatchewan","53.733 N 108.183 W","","replicate  1"
"330","MSK-C-MIN-1","","","soil metagenome",2017,"0-10 cm",691,"soil[ENVO:00001998]","forest soil[ENVO:00002261]","mineral horizon[ENVO:03600011]","Canada: Satskatchewan","53.733 N 108.183 W","","replicate  1"
"332","PLD-C-LFH-5","","","soil metagenome",2017,"2 cm",332,"soil[ENVO:00001998]","forest soil[ENVO:00002261]","organic horizon[ENVO:03600018]","Canada: Manitoba","49.517 N 96.133 W","","replicate  5"
"334","PLD-A-LFH-5","","","soil metagenome",2017,"2 cm",332,"soil[ENVO:00001998]","forest soil[ENVO:00002261]","organic horizon[ENVO:03600018]","Canada: Manitoba","49.517 N 96.133 W","1.5 t/ha Mixed wood ash","replicate  5"
"335","PLD-A-LFH-4","","","soil metagenome",2017,"2 cm",332,"soil[ENVO:00001998]","forest soil[ENVO:00002261]","organic horizon[ENVO:03600018]","Canada: Manitoba","49.517 N 96.133 W","1.5 t/ha Mixed wood ash","replicate  4"
"337","PLD-C-LFH-4","","","soil metagenome",2017,"2 cm",332,"soil[ENVO:00001998]","forest soil[ENVO:00002261]","organic horizon[ENVO:03600018]","Canada: Manitoba","49.517 N 96.133 W","","replicate  4"
"541","PLD-A-MIN-1","","","soil metagenome",2017,"0-10 cm",332,"soil[ENVO:00001998]","forest soil[ENVO:00002261]","mineral horizon[ENVO:03600011]","Canada: Manitoba","49.517 N 96.133 W","1.5 t/ha Mixed wood ash","replicate  1"
"547","PLD-C-MIN-1","","","soil metagenome",2017,"0-10 cm",332,"soil[ENVO:00001998]","forest soil[ENVO:00002261]","mineral horizon[ENVO:03600011]","Canada: Manitoba","49.517 N 96.133 W","","replicate  1"
"549","PLD-C-MIN-2","","","soil metagenome",2017,"0-10 cm",332,"soil[ENVO:00001998]","forest soil[ENVO:00002261]","mineral horizon[ENVO:03600011]","Canada: Manitoba","49.517 N 96.133 W","","replicate  2"
"675","PLD-A-MIN-2","","","soil metagenome",2017,"0-10 cm",332,"soil[ENVO:00001998]","forest soil[ENVO:00002261]","mineral horizon[ENVO:03600011]","Canada: Manitoba","49.517 N 96.133 W","1.5 t/ha Mixed wood ash","replicate  2"
"677","PLD-A-MIN-3","","","soil metagenome",2017,"0-10 cm",332,"soil[ENVO:00001998]","forest soil[ENVO:00002261]","mineral horizon[ENVO:03600011]","Canada: Manitoba","49.517 N 96.133 W","1.5 t/ha Mixed wood ash","replicate  3"
"679","PLD-A-MIN-4","","","soil metagenome",2017,"0-10 cm",332,"soil[ENVO:00001998]","forest soil[ENVO:00002261]","mineral horizon[ENVO:03600011]","Canada: Manitoba","49.517 N 96.133 W","1.5 t/ha Mixed wood ash","replicate  4"
"681","PLD-A-MIN-5","","","soil metagenome",2017,"0-10 cm",332,"soil[ENVO:00001998]","forest soil[ENVO:00002261]","mineral horizon[ENVO:03600011]","Canada: Manitoba","49.517 N 96.133 W","1.5 t/ha Mixed wood ash","replicate  5"
"689","PLD-C-MIN-3","","","soil metagenome",2017,"0-10 cm",332,"soil[ENVO:00001998]","forest soil[ENVO:00002261]","mineral horizon[ENVO:03600011]","Canada: Manitoba","49.517 N 96.133 W","","replicate  3"
"691","PLD-C-MIN-4","","","soil metagenome",2017,"0-10 cm",332,"soil[ENVO:00001998]","forest soil[ENVO:00002261]","mineral horizon[ENVO:03600011]","Canada: Manitoba","49.517 N 96.133 W","","replicate  4"
"693","PLD-C-MIN-5","","","soil metagenome",2017,"0-10 cm",332,"soil[ENVO:00001998]","forest soil[ENVO:00002261]","mineral horizon[ENVO:03600011]","Canada: Manitoba","49.517 N 96.133 W","","replicate  5"
"701","ALN-A1-MIN-1","","","soil metagenome",2017,"0-10 cm",620,"soil[ENVO:00001998]","forest soil[ENVO:00002261]","mineral horizon[ENVO:03600011]","Canada: British Columbia","54.086 N 122.09 W","5 t/ha UNBC Bottom wood ash","replicate  1"
"703","ALN-A1-MIN-2","","","soil metagenome",2017,"0-10 cm",620,"soil[ENVO:00001998]","forest soil[ENVO:00002261]","mineral horizon[ENVO:03600011]","Canada: British Columbia","54.086 N 122.09 W","5 t/ha UNBC Bottom wood ash","replicate  2"
"705","ALN-A1-MIN-3","","","soil metagenome",2017,"0-10 cm",620,"soil[ENVO:00001998]","forest soil[ENVO:00002261]","mineral horizon[ENVO:03600011]","Canada: British Columbia","54.086 N 122.09 W","5 t/ha UNBC Bottom wood ash","replicate  3"
"713","ALN-A2-MIN-1","","","soil metagenome",2017,"0-10 cm",620,"soil[ENVO:00001998]","forest soil[ENVO:00002261]","mineral horizon[ENVO:03600011]","Canada: British Columbia","54.086 N 122.09 W","5 t/ha CPLP Bottom wood ash","replicate  1"
"715","ALN-A2-MIN-2","","","soil metagenome",2017,"0-10 cm",620,"soil[ENVO:00001998]","forest soil[ENVO:00002261]","mineral horizon[ENVO:03600011]","Canada: British Columbia","54.086 N 122.09 W","5 t/ha CPLP Bottom wood ash","replicate  2"
"717","ALN-A2-MIN-3","","","soil metagenome",2017,"0-10 cm",620,"soil[ENVO:00001998]","forest soil[ENVO:00002261]","mineral horizon[ENVO:03600011]","Canada: British Columbia","54.086 N 122.09 W","5 t/ha CPLP Bottom wood ash","replicate  3"
"725","ALN-C-MIN-1","","","soil metagenome",2017,"0-10 cm",620,"soil[ENVO:00001998]","forest soil[ENVO:00002261]","mineral horizon[ENVO:03600011]","Canada: British Columbia","54.086 N 122.09 W","","replicate  1"
"727","ALN-C-MIN-2","","","soil metagenome",2017,"0-10 cm",620,"soil[ENVO:00001998]","forest soil[ENVO:00002261]","mineral horizon[ENVO:03600011]","Canada: British Columbia","54.086 N 122.09 W","","replicate  2"
"729","ALN-C-MIN-3","","","soil metagenome",2017,"0-10 cm",620,"soil[ENVO:00001998]","forest soil[ENVO:00002261]","mineral horizon[ENVO:03600011]","Canada: British Columbia","54.086 N 122.09 W","","replicate  3"
"737","ALS-A1-MIN-1","","","soil metagenome",2017,"0-10 cm",643,"soil[ENVO:00001998]","forest soil[ENVO:00002261]","mineral horizon[ENVO:03600011]","Canada: British Columbia","54.071 N 122.08 W","5 t/ha UNBC Bottom wood ash","replicate  1"
"739","ALS-A1-MIN-2","","","soil metagenome",2017,"0-10 cm",643,"soil[ENVO:00001998]","forest soil[ENVO:00002261]","mineral horizon[ENVO:03600011]","Canada: British Columbia","54.071 N 122.08 W","5 t/ha UNBC Bottom wood ash","replicate  2"
"741","ALS-A1-MIN-3","","","soil metagenome",2017,"0-10 cm",643,"soil[ENVO:00001998]","forest soil[ENVO:00002261]","mineral horizon[ENVO:03600011]","Canada: British Columbia","54.071 N 122.08 W","5 t/ha UNBC Bottom wood ash","replicate  3"
"749","ALS-A2-MIN-1","","","soil metagenome",2017,"0-10 cm",643,"soil[ENVO:00001998]","forest soil[ENVO:00002261]","mineral horizon[ENVO:03600011]","Canada: British Columbia","54.071 N 122.08 W","5 t/ha CPLP Bottom wood ash","replicate  1"
"751","ALS-A2-MIN-2","","","soil metagenome",2017,"0-10 cm",643,"soil[ENVO:00001998]","forest soil[ENVO:00002261]","mineral horizon[ENVO:03600011]","Canada: British Columbia","54.071 N 122.08 W","5 t/ha CPLP Bottom wood ash","replicate  2"
"753","ALS-A2-MIN-3","","","soil metagenome",2017,"0-10 cm",643,"soil[ENVO:00001998]","forest soil[ENVO:00002261]","mineral horizon[ENVO:03600011]","Canada: British Columbia","54.071 N 122.08 W","5 t/ha CPLP Bottom wood ash","replicate  3"
"761","ALS-C-MIN-1","","","soil metagenome",2017,"0-10 cm",643,"soil[ENVO:00001998]","forest soil[ENVO:00002261]","mineral horizon[ENVO:03600011]","Canada: British Columbia","54.071 N 122.08 W","","replicate  1"
"763","ALS-C-MIN-2","","","soil metagenome",2017,"0-10 cm",643,"soil[ENVO:00001998]","forest soil[ENVO:00002261]","mineral horizon[ENVO:03600011]","Canada: British Columbia","54.071 N 122.08 W","","replicate  2"
"765","ALS-C-MIN-3","","","soil metagenome",2017,"0-10 cm",643,"soil[ENVO:00001998]","forest soil[ENVO:00002261]","mineral horizon[ENVO:03600011]","Canada: British Columbia","54.071 N 122.08 W","","replicate  3"
"767","ETM-A-FH-1","","","soil metagenome",2017,"10-15 cm",388,"soil[ENVO:00001998]","forest soil[ENVO:00002261]","organic horizon[ENVO:03600018]","Canada: Quebec","45.57 N 71.25 W","20 t/ha Bottom wood ash","replicate  1"
"771","ETM-A-LM-1","","","soil metagenome",2017,"10-15 cm",388,"soil[ENVO:00001998]","forest soil[ENVO:00002261]","litter layer[ENVO:01000338]","Canada: Quebec","45.57 N 71.25 W","20 t/ha Bottom wood ash","replicate  1"
"775","ETM-A-MIN-1","","","soil metagenome",2017,"0-10 cm",388,"soil[ENVO:00001998]","forest soil[ENVO:00002261]","mineral horizon[ENVO:03600011]","Canada: Quebec","45.57 N 71.25 W","20 t/ha Bottom wood ash","replicate  1"
"779","ETM-C-FH-1","","","soil metagenome",2017,"10-15 cm",388,"soil[ENVO:00001998]","forest soil[ENVO:00002261]","organic horizon[ENVO:03600018]","Canada: Quebec","45.57 N 71.25 W","","replicate  1"
"783","ETM-C-FH-2","","","soil metagenome",2017,"10-15 cm",388,"soil[ENVO:00001998]","forest soil[ENVO:00002261]","organic horizon[ENVO:03600018]","Canada: Quebec","45.57 N 71.25 W","","replicate  2"
"787","ETM-C-LM-1","","","soil metagenome",2017,"10-15 cm",388,"soil[ENVO:00001998]","forest soil[ENVO:00002261]","litter layer[ENVO:01000338]","Canada: Quebec","45.57 N 71.25 W","","replicate  1"
"791","ETM-C-LM-2","","","soil metagenome",2017,"10-15 cm",388,"soil[ENVO:00001998]","forest soil[ENVO:00002261]","litter layer[ENVO:01000338]","Canada: Quebec","45.57 N 71.25 W","","replicate  2"
"795","ETM-C-MIN-1","","","soil metagenome",2017,"0-10 cm",388,"soil[ENVO:00001998]","forest soil[ENVO:00002261]","mineral horizon[ENVO:03600011]","Canada: Quebec","45.57 N 71.25 W","","replicate  1"
"799","ETM-C-MIN-2","","","soil metagenome",2017,"0-10 cm",388,"soil[ENVO:00001998]","forest soil[ENVO:00002261]","mineral horizon[ENVO:03600011]","Canada: Quebec","45.57 N 71.25 W","","replicate  2"
"839","ETM-A-FH-4","","","soil metagenome",2017,"10-15 cm",388,"soil[ENVO:00001998]","forest soil[ENVO:00002261]","organic horizon[ENVO:03600018]","Canada: Quebec","45.57 N 71.25 W","20 t/ha Bottom wood ash","replicate  4"
"843","ETM-A-FH-5","","","soil metagenome",2017,"10-15 cm",388,"soil[ENVO:00001998]","forest soil[ENVO:00002261]","organic horizon[ENVO:03600018]","Canada: Quebec","45.57 N 71.25 W","20 t/ha Bottom wood ash","replicate  5"
"847","ETM-A-LM-4","","","soil metagenome",2017,"10-15 cm",388,"soil[ENVO:00001998]","forest soil[ENVO:00002261]","litter layer[ENVO:01000338]","Canada: Quebec","45.57 N 71.25 W","20 t/ha Bottom wood ash","replicate  4"
"851","ETM-A-LM-5","","","soil metagenome",2017,"10-15 cm",388,"soil[ENVO:00001998]","forest soil[ENVO:00002261]","litter layer[ENVO:01000338]","Canada: Quebec","45.57 N 71.25 W","20 t/ha Bottom wood ash","replicate  5"
"855","ETM-A-MIN-4","","","soil metagenome",2017,"0-10 cm",388,"soil[ENVO:00001998]","forest soil[ENVO:00002261]","mineral horizon[ENVO:03600011]","Canada: Quebec","45.57 N 71.25 W","20 t/ha Bottom wood ash","replicate  4"
"859","ETM-A-MIN-5","","","soil metagenome",2017,"0-10 cm",388,"soil[ENVO:00001998]","forest soil[ENVO:00002261]","mineral horizon[ENVO:03600011]","Canada: Quebec","45.57 N 71.25 W","20 t/ha Bottom wood ash","replicate  5"
"863","ETM-C-FH-4","","","soil metagenome",2017,"10-15 cm",388,"soil[ENVO:00001998]","forest soil[ENVO:00002261]","organic horizon[ENVO:03600018]","Canada: Quebec","45.57 N 71.25 W","","replicate  4"
"865","ETM-C-FH-5","","","soil metagenome",2017,"10-15 cm",388,"soil[ENVO:00001998]","forest soil[ENVO:00002261]","organic horizon[ENVO:03600018]","Canada: Quebec","45.57 N 71.25 W","","replicate  5"
"869","ETM-C-LM-5","","","soil metagenome",2017,"10-15 cm",388,"soil[ENVO:00001998]","forest soil[ENVO:00002261]","litter layer[ENVO:01000338]","Canada: Quebec","45.57 N 71.25 W","","replicate  5"
"873","ETM-C-MIN-4","","","soil metagenome",2017,"0-10 cm",388,"soil[ENVO:00001998]","forest soil[ENVO:00002261]","mineral horizon[ENVO:03600011]","Canada: Quebec","45.57 N 71.25 W","","replicate  4"
"875","ETM-C-MIN-5","","","soil metagenome",2017,"0-10 cm",388,"soil[ENVO:00001998]","forest soil[ENVO:00002261]","mineral horizon[ENVO:03600011]","Canada: Quebec","45.57 N 71.25 W","","replicate  5"
"879","HLB-A1-FH-1","","","soil metagenome",2017,"5-8 cm",415,"soil[ENVO:00001998]","forest soil[ENVO:00002261]","organic horizon[ENVO:03600018]","Canada: Ontario","45.223 N 78.592 W","1 t/ha Bottom wood ash","replicate  1"
"883","HLB-A1-FH-2","","","soil metagenome",2017,"5-8 cm",415,"soil[ENVO:00001998]","forest soil[ENVO:00002261]","organic horizon[ENVO:03600018]","Canada: Ontario","45.223 N 78.592 W","1 t/ha Bottom wood ash","replicate  2"
"887","HLB-A1-LM-1","","","soil metagenome",2017,"5-8 cm",415,"soil[ENVO:00001998]","forest soil[ENVO:00002261]","litter layer[ENVO:01000338]","Canada: Ontario","45.223 N 78.592 W","1 t/ha Bottom wood ash","replicate  1"
"891","HLB-A1-LM-2","","","soil metagenome",2017,"5-8 cm",415,"soil[ENVO:00001998]","forest soil[ENVO:00002261]","litter layer[ENVO:01000338]","Canada: Ontario","45.223 N 78.592 W","1 t/ha Bottom wood ash","replicate  2"
"895","HLB-A1-MIN-1","","","soil metagenome",2017,"0-10 cm",415,"soil[ENVO:00001998]","forest soil[ENVO:00002261]","mineral horizon[ENVO:03600011]","Canada: Ontario","45.223 N 78.592 W","1 t/ha Bottom wood ash","replicate  1"
"899","HLB-A2-FH-1","","","soil metagenome",2017,"5-8 cm",415,"soil[ENVO:00001998]","forest soil[ENVO:00002261]","organic horizon[ENVO:03600018]","Canada: Ontario","45.223 N 78.592 W","4 t/ha Bottom wood ash","replicate  1"
"903","HLB-A2-LM-1","","","soil metagenome",2017,"5-8 cm",415,"soil[ENVO:00001998]","forest soil[ENVO:00002261]","litter layer[ENVO:01000338]","Canada: Ontario","45.223 N 78.592 W","4 t/ha Bottom wood ash","replicate  1"
"907","HLB-A2-MIN-1","","","soil metagenome",2017,"0-10 cm",415,"soil[ENVO:00001998]","forest soil[ENVO:00002261]","mineral horizon[ENVO:03600011]","Canada: Ontario","45.223 N 78.592 W","4 t/ha Bottom wood ash","replicate  1"
"911","HLB-A3-FH-1","","","soil metagenome",2017,"5-8 cm",415,"soil[ENVO:00001998]","forest soil[ENVO:00002261]","organic horizon[ENVO:03600018]","Canada: Ontario","45.223 N 78.592 W","8 t/ha Bottom wood ash","replicate  1"
"915","HLB-A3-LM-1","","","soil metagenome",2017,"5-8 cm",415,"soil[ENVO:00001998]","forest soil[ENVO:00002261]","litter layer[ENVO:01000338]","Canada: Ontario","45.223 N 78.592 W","8 t/ha Bottom wood ash","replicate  1"
"919","HLB-A3-MIN-1","","","soil metagenome",2017,"0-10 cm",415,"soil[ENVO:00001998]","forest soil[ENVO:00002261]","mineral horizon[ENVO:03600011]","Canada: Ontario","45.223 N 78.592 W","8 t/ha Bottom wood ash","replicate  1"
"931","HLB-A4-MIN-1","","","soil metagenome",2017,"0-10 cm",415,"soil[ENVO:00001998]","forest soil[ENVO:00002261]","mineral horizon[ENVO:03600011]","Canada: Ontario","45.223 N 78.592 W","1 t/ha Fly wood ash","replicate  1"
"943","HLB-A5-MIN-1","","","soil metagenome",2017,"0-10 cm",415,"soil[ENVO:00001998]","forest soil[ENVO:00002261]","mineral horizon[ENVO:03600011]","Canada: Ontario","45.223 N 78.592 W","4 t/ha Fly wood ash","replicate  1"
"955","HLB-A6-MIN-1","","","soil metagenome",2017,"0-10 cm",415,"soil[ENVO:00001998]","forest soil[ENVO:00002261]","mineral horizon[ENVO:03600011]","Canada: Ontario","45.223 N 78.592 W","8 t/ha Fly wood ash","replicate  1"
"975","HLB-C-MIN-1","","","soil metagenome",2017,"0-10 cm",415,"soil[ENVO:00001998]","forest soil[ENVO:00002261]","mineral horizon[ENVO:03600011]","Canada: Ontario","45.223 N 78.592 W","","replicate  1"
"979","HLB-C-MIN-2","","","soil metagenome",2017,"0-10 cm",415,"soil[ENVO:00001998]","forest soil[ENVO:00002261]","mineral horizon[ENVO:03600011]","Canada: Ontario","45.223 N 78.592 W","","replicate  2"
"983","HLB-A1-FH-3","","","soil metagenome",2017,"5-8 cm",415,"soil[ENVO:00001998]","forest soil[ENVO:00002261]","organic horizon[ENVO:03600018]","Canada: Ontario","45.223 N 78.592 W","1 t/ha Bottom wood ash","replicate  3"
"987","HLB-A1-FH-4","","","soil metagenome",2017,"5-8 cm",415,"soil[ENVO:00001998]","forest soil[ENVO:00002261]","organic horizon[ENVO:03600018]","Canada: Ontario","45.223 N 78.592 W","1 t/ha Bottom wood ash","replicate  4"
"991","HLB-A1-LM-3","","","soil metagenome",2017,"5-8 cm",415,"soil[ENVO:00001998]","forest soil[ENVO:00002261]","litter layer[ENVO:01000338]","Canada: Ontario","45.223 N 78.592 W","1 t/ha Bottom wood ash","replicate  3"
"995","HLB-A1-LM-4","","","soil metagenome",2017,"5-8 cm",415,"soil[ENVO:00001998]","forest soil[ENVO:00002261]","litter layer[ENVO:01000338]","Canada: Ontario","45.223 N 78.592 W","1 t/ha Bottom wood ash","replicate  4"
"999","HLB-A1-MIN-3","","","soil metagenome",2017,"0-10 cm",415,"soil[ENVO:00001998]","forest soil[ENVO:00002261]","mineral horizon[ENVO:03600011]","Canada: Ontario","45.223 N 78.592 W","1 t/ha Bottom wood ash","replicate  3"
"1003","HLB-A1-MIN-4","","","soil metagenome",2017,"0-10 cm",415,"soil[ENVO:00001998]","forest soil[ENVO:00002261]","mineral horizon[ENVO:03600011]","Canada: Ontario","45.223 N 78.592 W","1 t/ha Bottom wood ash","replicate  4"
"1007","HLB-A2-FH-3","","","soil metagenome",2017,"5-8 cm",415,"soil[ENVO:00001998]","forest soil[ENVO:00002261]","organic horizon[ENVO:03600018]","Canada: Ontario","45.223 N 78.592 W","4 t/ha Bottom wood ash","replicate  3"
"1011","HLB-A2-FH-4","","","soil metagenome",2017,"5-8 cm",415,"soil[ENVO:00001998]","forest soil[ENVO:00002261]","organic horizon[ENVO:03600018]","Canada: Ontario","45.223 N 78.592 W","4 t/ha Bottom wood ash","replicate  4"
"1015","HLB-A2-LM-3","","","soil metagenome",2017,"5-8 cm",415,"soil[ENVO:00001998]","forest soil[ENVO:00002261]","litter layer[ENVO:01000338]","Canada: Ontario","45.223 N 78.592 W","4 t/ha Bottom wood ash","replicate  3"
"1019","HLB-A2-LM-4","","","soil metagenome",2017,"5-8 cm",415,"soil[ENVO:00001998]","forest soil[ENVO:00002261]","litter layer[ENVO:01000338]","Canada: Ontario","45.223 N 78.592 W","4 t/ha Bottom wood ash","replicate  4"
"1023","HLB-A2-MIN-3","","","soil metagenome",2017,"0-10 cm",415,"soil[ENVO:00001998]","forest soil[ENVO:00002261]","mineral horizon[ENVO:03600011]","Canada: Ontario","45.223 N 78.592 W","4 t/ha Bottom wood ash","replicate  3"
"1027","HLB-A2-MIN-4","","","soil metagenome",2017,"0-10 cm",415,"soil[ENVO:00001998]","forest soil[ENVO:00002261]","mineral horizon[ENVO:03600011]","Canada: Ontario","45.223 N 78.592 W","4 t/ha Bottom wood ash","replicate  4"
"1031","HLB-A3-FH-3","","","soil metagenome",2017,"5-8 cm",415,"soil[ENVO:00001998]","forest soil[ENVO:00002261]","organic horizon[ENVO:03600018]","Canada: Ontario","45.223 N 78.592 W","8 t/ha Bottom wood ash","replicate  3"
"1035","HLB-A3-LM-3","","","soil metagenome",2017,"5-8 cm",415,"soil[ENVO:00001998]","forest soil[ENVO:00002261]","litter layer[ENVO:01000338]","Canada: Ontario","45.223 N 78.592 W","8 t/ha Bottom wood ash","replicate  3"
"1039","HLB-A3-LM-4","","","soil metagenome",2017,"5-8 cm",415,"soil[ENVO:00001998]","forest soil[ENVO:00002261]","litter layer[ENVO:01000338]","Canada: Ontario","45.223 N 78.592 W","8 t/ha Bottom wood ash","replicate  4"
"1043","HLB-A3-MIN-3","","","soil metagenome",2017,"0-10 cm",415,"soil[ENVO:00001998]","forest soil[ENVO:00002261]","mineral horizon[ENVO:03600011]","Canada: Ontario","45.223 N 78.592 W","8 t/ha Bottom wood ash","replicate  3"
"1055","HLB-A4-MIN-3","","","soil metagenome",2017,"0-10 cm",415,"soil[ENVO:00001998]","forest soil[ENVO:00002261]","mineral horizon[ENVO:03600011]","Canada: Ontario","45.223 N 78.592 W","1 t/ha Fly wood ash","replicate  3"
"1071","HLB-A5-MIN-2","","","soil metagenome",2017,"0-10 cm",415,"soil[ENVO:00001998]","forest soil[ENVO:00002261]","mineral horizon[ENVO:03600011]","Canada: Ontario","45.223 N 78.592 W","4 t/ha Fly wood ash","replicate  2"
"1075","HLB-A5-MIN-3","","","soil metagenome",2017,"0-10 cm",415,"soil[ENVO:00001998]","forest soil[ENVO:00002261]","mineral horizon[ENVO:03600011]","Canada: Ontario","45.223 N 78.592 W","4 t/ha Fly wood ash","replicate  3"
"1095","HLB-A6-MIN-2","","","soil metagenome",2017,"0-10 cm",415,"soil[ENVO:00001998]","forest soil[ENVO:00002261]","mineral horizon[ENVO:03600011]","Canada: Ontario","45.223 N 78.592 W","8 t/ha Fly wood ash","replicate  2"
"1099","HLB-A6-MIN-3","","","soil metagenome",2017,"0-10 cm",415,"soil[ENVO:00001998]","forest soil[ENVO:00002261]","mineral horizon[ENVO:03600011]","Canada: Ontario","45.223 N 78.592 W","8 t/ha Fly wood ash","replicate  3"
"1119","HLB-C-MIN-3","","","soil metagenome",2017,"0-10 cm",415,"soil[ENVO:00001998]","forest soil[ENVO:00002261]","mineral horizon[ENVO:03600011]","Canada: Ontario","45.223 N 78.592 W","","replicate  3"
"1123","HLB-C-MIN-4","","","soil metagenome",2017,"0-10 cm",415,"soil[ENVO:00001998]","forest soil[ENVO:00002261]","mineral horizon[ENVO:03600011]","Canada: Ontario","45.223 N 78.592 W","","replicate  4"
"1127","ETM-A-FH-2","","","soil metagenome",2017,"10-15 cm",388,"soil[ENVO:00001998]","forest soil[ENVO:00002261]","organic horizon[ENVO:03600018]","Canada: Quebec","45.57 N 71.25 W","20 t/ha Bottom wood ash","replicate  2"
"1131","ETM-A-FH-3","","","soil metagenome",2017,"10-15 cm",388,"soil[ENVO:00001998]","forest soil[ENVO:00002261]","organic horizon[ENVO:03600018]","Canada: Quebec","45.57 N 71.25 W","20 t/ha Bottom wood ash","replicate  3"
"1135","ETM-A-LM-2","","","soil metagenome",2017,"10-15 cm",388,"soil[ENVO:00001998]","forest soil[ENVO:00002261]","litter layer[ENVO:01000338]","Canada: Quebec","45.57 N 71.25 W","20 t/ha Bottom wood ash","replicate  2"
"1139","ETM-A-LM-3","","","soil metagenome",2017,"10-15 cm",388,"soil[ENVO:00001998]","forest soil[ENVO:00002261]","litter layer[ENVO:01000338]","Canada: Quebec","45.57 N 71.25 W","20 t/ha Bottom wood ash","replicate  3"
"1143","ETM-A-MIN-2","","","soil metagenome",2017,"0-10 cm",388,"soil[ENVO:00001998]","forest soil[ENVO:00002261]","mineral horizon[ENVO:03600011]","Canada: Quebec","45.57 N 71.25 W","20 t/ha Bottom wood ash","replicate  2"
"1147","ETM-A-MIN-3","","","soil metagenome",2017,"0-10 cm",388,"soil[ENVO:00001998]","forest soil[ENVO:00002261]","mineral horizon[ENVO:03600011]","Canada: Quebec","45.57 N 71.25 W","20 t/ha Bottom wood ash","replicate  3"
"1151","ETM-C-FH-3","","","soil metagenome",2017,"10-15 cm",388,"soil[ENVO:00001998]","forest soil[ENVO:00002261]","organic horizon[ENVO:03600018]","Canada: Quebec","45.57 N 71.25 W","","replicate  3"
"1157","ETM-C-LM-3","","","soil metagenome",2017,"10-15 cm",388,"soil[ENVO:00001998]","forest soil[ENVO:00002261]","litter layer[ENVO:01000338]","Canada: Quebec","45.57 N 71.25 W","","replicate  3"
"1161","ETM-C-LM-4","","","soil metagenome",2017,"10-15 cm",388,"soil[ENVO:00001998]","forest soil[ENVO:00002261]","litter layer[ENVO:01000338]","Canada: Quebec","45.57 N 71.25 W","","replicate  4"
"1165","ETM-C-MIN-3","","","soil metagenome",2017,"0-10 cm",388,"soil[ENVO:00001998]","forest soil[ENVO:00002261]","mineral horizon[ENVO:03600011]","Canada: Quebec","45.57 N 71.25 W","","replicate  3"
"1171","HLB-A1-MIN-2","","","soil metagenome",2017,"0-10 cm",415,"soil[ENVO:00001998]","forest soil[ENVO:00002261]","mineral horizon[ENVO:03600011]","Canada: Ontario","45.223 N 78.592 W","1 t/ha Bottom wood ash","replicate  2"
"1175","HLB-A2-FH-2","","","soil metagenome",2017,"5-8 cm",415,"soil[ENVO:00001998]","forest soil[ENVO:00002261]","organic horizon[ENVO:03600018]","Canada: Ontario","45.223 N 78.592 W","4 t/ha Bottom wood ash","replicate  2"
"1179","HLB-A2-LM-2","","","soil metagenome",2017,"5-8 cm",415,"soil[ENVO:00001998]","forest soil[ENVO:00002261]","litter layer[ENVO:01000338]","Canada: Ontario","45.223 N 78.592 W","4 t/ha Bottom wood ash","replicate  2"
"1183","HLB-A2-MIN-2","","","soil metagenome",2017,"0-10 cm",415,"soil[ENVO:00001998]","forest soil[ENVO:00002261]","mineral horizon[ENVO:03600011]","Canada: Ontario","45.223 N 78.592 W","4 t/ha Bottom wood ash","replicate  2"
"1187","HLB-A3-FH-2","","","soil metagenome",2017,"5-8 cm",415,"soil[ENVO:00001998]","forest soil[ENVO:00002261]","organic horizon[ENVO:03600018]","Canada: Ontario","45.223 N 78.592 W","8 t/ha Bottom wood ash","replicate  2"
"1191","HLB-A3-FH-4","","","soil metagenome",2017,"5-8 cm",415,"soil[ENVO:00001998]","forest soil[ENVO:00002261]","organic horizon[ENVO:03600018]","Canada: Ontario","45.223 N 78.592 W","8 t/ha Bottom wood ash","replicate  4"
"1195","HLB-A3-LM-2","","","soil metagenome",2017,"5-8 cm",415,"soil[ENVO:00001998]","forest soil[ENVO:00002261]","litter layer[ENVO:01000338]","Canada: Ontario","45.223 N 78.592 W","8 t/ha Bottom wood ash","replicate  2"
"1199","HLB-A3-MIN-2","","","soil metagenome",2017,"0-10 cm",415,"soil[ENVO:00001998]","forest soil[ENVO:00002261]","mineral horizon[ENVO:03600011]","Canada: Ontario","45.223 N 78.592 W","8 t/ha Bottom wood ash","replicate  2"
"1203","HLB-A3-MIN-4","","","soil metagenome",2017,"0-10 cm",415,"soil[ENVO:00001998]","forest soil[ENVO:00002261]","mineral horizon[ENVO:03600011]","Canada: Ontario","45.223 N 78.592 W","8 t/ha Bottom wood ash","replicate  4"
"1223","HLB-A4-MIN-2","","","soil metagenome",2017,"0-10 cm",415,"soil[ENVO:00001998]","forest soil[ENVO:00002261]","mineral horizon[ENVO:03600011]","Canada: Ontario","45.223 N 78.592 W","1 t/ha Fly wood ash","replicate  2"
"1227","HLB-A4-MIN-4","","","soil metagenome",2017,"0-10 cm",415,"soil[ENVO:00001998]","forest soil[ENVO:00002261]","mineral horizon[ENVO:03600011]","Canada: Ontario","45.223 N 78.592 W","1 t/ha Fly wood ash","replicate  4"
"1243","HLB-A5-MIN-4","","","soil metagenome",2017,"0-10 cm",415,"soil[ENVO:00001998]","forest soil[ENVO:00002261]","mineral horizon[ENVO:03600011]","Canada: Ontario","45.223 N 78.592 W","4 t/ha Fly wood ash","replicate  4"
"1255","HLB-A6-MIN-4","","","soil metagenome",2017,"0-10 cm",415,"soil[ENVO:00001998]","forest soil[ENVO:00002261]","mineral horizon[ENVO:03600011]","Canada: Ontario","45.223 N 78.592 W","8 t/ha Fly wood ash","replicate  4"
